ID,Category,Gender,Urgency,Duration,Amount,Locality,Title,Image,Payment
1,Medical,Male,Immediate,Monthly,5000,Rural,Surgery,doctor1.jpg,https://pages.razorpay.com/pl_JEylbMyXJpHvAv/view
2,Medical,Female,Oneweek,Quarterly,10000,Rural,Medicines,doctor3.jpg,https://pages.razorpay.com/pl_JEylbMyXJpHvAv/view
3,DisasterRF,Female,Twoweeks,Annually,18000,Suburban,Housing,dis1.jpg,https://pages.razorpay.com/pl_JEyqyBpmdZhUYF/view
4,DisasterRF,Male,Oneweek,Annually,15000,Suburban,Treatment,dis2.jpg,https://pages.razorpay.com/pl_JEyqyBpmdZhUYF/view
5,Education,Male,Immediate,Quarterly,15000,Urban,Books,edu1.jpg,https://pages.razorpay.com/pl_JEyZeenAm5q6Tr/view
6,DisasterRF,Male,Oneweek,Monthly,5000,Suburban,Tsunami,dis3.jpg,https://pages.razorpay.com/pl_JEyqyBpmdZhUYF/view
7,Women,Female,Oneweek,Annually,3000,Suburban,Clothes,women1.jpg,https://pages.razorpay.com/pl_JEyfQ2Cf4Osmtx/view
8,Women,Female,Immediate,Monthly,6000,Rural,Fight For Justice,women2.jpg,https://pages.razorpay.com/pl_JEyfQ2Cf4Osmtx/view
9,OldAge,Female,Oneweek,Quarterly,13000,Urban,Clothes,old1.jpg,https://pages.razorpay.com/pl_JEyiy5weJ3j6cg/view
10,FoodForNeed,Female,Twoweeks,Monthly,6000,Urban,Cereals,food1.jpg,https://pages.razorpay.com/pl_JEyoV3HcvMWBIE/view
11,DisasterRF,Male,Immediate,Quarterly,15000,Rural,Earthquake,dis4.jpg,https://pages.razorpay.com/pl_JEyqyBpmdZhUYF/view
12,DisasterRF,Female,Oneweek,Monthly,8000,Rural,Volcano,dis5.jpg,https://pages.razorpay.com/pl_JEyqyBpmdZhUYF/view
13,Women,Male,Immediate,Monthly,3000,Rural,appliances,women3.jpg,https://pages.razorpay.com/pl_JEyfQ2Cf4Osmtx/view
14,Medical,Female,Immediate,Annually,11000,Suburban,Vaccination,doctor2.jpg,https://pages.razorpay.com/pl_JEylbMyXJpHvAv/view
15,Medical,Female,Immediate,Annually,9000,Rural,Child Birth,doctor4.jpg,https://pages.razorpay.com/pl_JEylbMyXJpHvAv/view
16,Education,Female,Twoweeks,Annually,8000,Suburban,Laptop,edu5.jpg,https://pages.razorpay.com/pl_JEyZeenAm5q6Tr/view
17,FoodForNeed,Male,Immediate,Monthly,2000,Rural,Fruits,food5.jpg,https://pages.razorpay.com/pl_JEyoV3HcvMWBIE/view
18,Education,Female,Immediate,Monthly,19000,Suburban,College,edu2.jpg,https://pages.razorpay.com/pl_JEyZeenAm5q6Tr/view
19,OldAge,Male,Immediate,Quarterly,3000,Rural,Medical Services,old3.jpg,https://pages.razorpay.com/pl_JEyiy5weJ3j6cg/view
20,Women,Male,Oneweek,Annually,1000,Rural,Sanitary Napkins,women4.jpg,https://pages.razorpay.com/pl_JEyfQ2Cf4Osmtx/view
21,FoodForNeed,Male,Immediate,Quarterly,2000,Rural,Meals,food4.jpg,https://pages.razorpay.com/pl_JEyoV3HcvMWBIE/view
22,OldAge,Male,Twoweeks,Quarterly,3000,Rural,Blankets,old2.jpg,https://pages.razorpay.com/pl_JEyiy5weJ3j6cg/view
23,FoodForNeed,Male,Immediate,Annually,1000,Rural,Breakfast,food2.jpg,https://pages.razorpay.com/pl_JEyoV3HcvMWBIE/view
24,Education,Female,Oneweek,Annually,2000,Suburban,Facilities,edu3.jpg,https://pages.razorpay.com/pl_JEyZeenAm5q6Tr/view
25,Women,Female,Oneweek,Annually,17000,Suburban,Work For Livelihood,women5.jpg,https://pages.razorpay.com/pl_JEyfQ2Cf4Osmtx/view
26,FoodForNeed,Male,Immediate,Annually,2000,Rural,Soups,food3.jpg,https://pages.razorpay.com/pl_JEyoV3HcvMWBIE/view
27,OldAge,Male,Twoweeks,Monthly,6000,Urban,Denture cleanser,old4.jpg,https://pages.razorpay.com/pl_JEyiy5weJ3j6cg/view
28,Medical,Female,Oneweek,Monthly,7000,Suburban,Medical Tests,doctor5.jpg,https://pages.razorpay.com/pl_JEylbMyXJpHvAv/view
29,Education,Female,Oneweek,Annually,2000,Urban,School,edu4.jpg,https://pages.razorpay.com/pl_JEyZeenAm5q6Tr/view
30,OldAge,Male,Oneweek,Annually,3000,Rural,Lotions,old5.jpg,https://pages.razorpay.com/pl_JEyiy5weJ3j6cg/view
31,Education,Male,Oneweek,Quarterly,1000,Suburban,,,https://pages.razorpay.com/pl_JEyZeenAm5q6Tr/view
32,DisasterRF,Male,Immediate,Annually,20000,Urban,,,https://pages.razorpay.com/pl_JEyqyBpmdZhUYF/view
33,Women,Male,Twoweeks,Annually,4000,Suburban,,,https://pages.razorpay.com/pl_JEyfQ2Cf4Osmtx/view
34,Women,Female,Oneweek,Annually,11000,Urban,,,https://pages.razorpay.com/pl_JEyfQ2Cf4Osmtx/view
35,OldAge,Male,Oneweek,Monthly,15000,Rural,,,https://pages.razorpay.com/pl_JEyiy5weJ3j6cg/view
36,FoodForNeed,Male,Oneweek,Quarterly,5000,Rural,,,https://pages.razorpay.com/pl_JEyoV3HcvMWBIE/view
37,OldAge,Female,Oneweek,Monthly,18000,Urban,,,https://pages.razorpay.com/pl_JEyiy5weJ3j6cg/view
38,OldAge,Male,Immediate,Quarterly,2000,Rural,,,https://pages.razorpay.com/pl_JEyiy5weJ3j6cg/view
39,OldAge,Male,Twoweeks,Monthly,5000,Rural,,,https://pages.razorpay.com/pl_JEyiy5weJ3j6cg/view
40,Education,Male,Immediate,Monthly,3000,Rural,,,https://pages.razorpay.com/pl_JEyZeenAm5q6Tr/view
41,Education,Female,Oneweek,Annually,17000,Rural,,,https://pages.razorpay.com/pl_JEyZeenAm5q6Tr/view
42,Education,Female,Twoweeks,Quarterly,1000,Urban,,,https://pages.razorpay.com/pl_JEyZeenAm5q6Tr/view
43,Education,Female,Twoweeks,Annually,11000,Suburban,,,https://pages.razorpay.com/pl_JEyZeenAm5q6Tr/view
44,OldAge,Female,Oneweek,Monthly,1000,Rural,,,https://pages.razorpay.com/pl_JEyiy5weJ3j6cg/view
45,Medical,Male,Twoweeks,Annually,4000,Rural,,doctor3.jpg,https://pages.razorpay.com/pl_JEylbMyXJpHvAv/view
46,Medical,Female,Immediate,Monthly,9000,Rural,,doctor1.jpg,https://pages.razorpay.com/pl_JEylbMyXJpHvAv/view
47,DisasterRF,Male,Immediate,Quarterly,7000,Suburban,,,https://pages.razorpay.com/pl_JEyqyBpmdZhUYF/view
48,DisasterRF,Male,Twoweeks,Quarterly,11000,Rural,,,https://pages.razorpay.com/pl_JEyqyBpmdZhUYF/view
49,Education,Female,Oneweek,Quarterly,5000,Suburban,,,https://pages.razorpay.com/pl_JEyZeenAm5q6Tr/view
50,DisasterRF,Male,Immediate,Annually,6000,Rural,,,https://pages.razorpay.com/pl_JEyqyBpmdZhUYF/view
51,Women,Male,Twoweeks,Monthly,4000,Urban,,,https://pages.razorpay.com/pl_JEyfQ2Cf4Osmtx/view
52,Women,Female,Twoweeks,Annually,14000,Suburban,,,https://pages.razorpay.com/pl_JEyfQ2Cf4Osmtx/view
53,OldAge,Male,Oneweek,Annually,15000,Suburban,,,https://pages.razorpay.com/pl_JEyiy5weJ3j6cg/view
54,FoodForNeed,Male,Oneweek,Quarterly,3000,Rural,,,https://pages.razorpay.com/pl_JEyoV3HcvMWBIE/view
55,OldAge,Male,Oneweek,Monthly,13000,Suburban,,,https://pages.razorpay.com/pl_JEyiy5weJ3j6cg/view
56,Medical,Female,Twoweeks,Monthly,10000,Suburban,,doctor3.jpg,https://pages.razorpay.com/pl_JEylbMyXJpHvAv/view
57,Medical,Male,Oneweek,Annually,14000,Suburban,,doctor1.jpg,https://pages.razorpay.com/pl_JEylbMyXJpHvAv/view
58,DisasterRF,Female,Oneweek,Quarterly,4000,Suburban,,,https://pages.razorpay.com/pl_JEyqyBpmdZhUYF/view
59,DisasterRF,Female,Twoweeks,Monthly,19000,Urban,,,https://pages.razorpay.com/pl_JEyqyBpmdZhUYF/view
60,Education,Female,Immediate,Annually,16000,Suburban,,,https://pages.razorpay.com/pl_JEyZeenAm5q6Tr/view
61,DisasterRF,Male,Twoweeks,Quarterly,19000,Rural,,,https://pages.razorpay.com/pl_JEyqyBpmdZhUYF/view
62,Women,Female,Oneweek,Annually,8000,Rural,,,https://pages.razorpay.com/pl_JEyfQ2Cf4Osmtx/view
63,Women,Male,Twoweeks,Monthly,3000,Rural,,,https://pages.razorpay.com/pl_JEyfQ2Cf4Osmtx/view
64,OldAge,Male,Twoweeks,Quarterly,16000,Urban,,,https://pages.razorpay.com/pl_JEyiy5weJ3j6cg/view
65,FoodForNeed,Female,Oneweek,Annually,17000,Rural,,,https://pages.razorpay.com/pl_JEyoV3HcvMWBIE/view
66,OldAge,Male,Twoweeks,Monthly,8000,Rural,,,https://pages.razorpay.com/pl_JEyiy5weJ3j6cg/view
67,OldAge,Male,Twoweeks,Annually,15000,Suburban,,,https://pages.razorpay.com/pl_JEyiy5weJ3j6cg/view
68,OldAge,Female,Oneweek,Quarterly,9000,Rural,,,https://pages.razorpay.com/pl_JEyiy5weJ3j6cg/view
69,Medical,Male,Immediate,Quarterly,2000,Suburban,,doctor3.jpg,https://pages.razorpay.com/pl_JEylbMyXJpHvAv/view
70,Medical,Male,Twoweeks,Quarterly,2000,Urban,,doctor1.jpg,https://pages.razorpay.com/pl_JEylbMyXJpHvAv/view
71,DisasterRF,Female,Oneweek,Quarterly,15000,Suburban,,,https://pages.razorpay.com/pl_JEyqyBpmdZhUYF/view
72,DisasterRF,Male,Immediate,Annually,11000,Rural,,,https://pages.razorpay.com/pl_JEyqyBpmdZhUYF/view
73,Education,Male,Immediate,Annually,12000,Rural,,,https://pages.razorpay.com/pl_JEyZeenAm5q6Tr/view
74,DisasterRF,Female,Oneweek,Quarterly,9000,Urban,,,https://pages.razorpay.com/pl_JEyqyBpmdZhUYF/view
75,Women,Male,Twoweeks,Monthly,7000,Rural,,,https://pages.razorpay.com/pl_JEyfQ2Cf4Osmtx/view
76,Women,Female,Twoweeks,Annually,6000,Urban,,,https://pages.razorpay.com/pl_JEyfQ2Cf4Osmtx/view
77,OldAge,Male,Oneweek,Quarterly,10000,Rural,,,https://pages.razorpay.com/pl_JEyiy5weJ3j6cg/view
78,FoodForNeed,Female,Immediate,Monthly,3000,Suburban,,,https://pages.razorpay.com/pl_JEyoV3HcvMWBIE/view
79,Education,Male,Immediate,Quarterly,20000,Rural,,,https://pages.razorpay.com/pl_JEyZeenAm5q6Tr/view
80,Women,Female,Twoweeks,Annually,5000,Rural,,,https://pages.razorpay.com/pl_JEyfQ2Cf4Osmtx/view
81,Women,Female,Immediate,Quarterly,10000,Urban,,,https://pages.razorpay.com/pl_JEyfQ2Cf4Osmtx/view
82,OldAge,Male,Oneweek,Annually,11000,Urban,,,https://pages.razorpay.com/pl_JEyiy5weJ3j6cg/view
83,Medical,Female,Twoweeks,Quarterly,17000,Rural,,doctor3.jpg,https://pages.razorpay.com/pl_JEylbMyXJpHvAv/view
84,Medical,Male,Twoweeks,Monthly,16000,Rural,,doctor4.jpg,https://pages.razorpay.com/pl_JEylbMyXJpHvAv/view
85,DisasterRF,Male,Oneweek,Annually,13000,Urban,,,https://pages.razorpay.com/pl_JEyqyBpmdZhUYF/view
86,DisasterRF,Female,Immediate,Annually,16000,Urban,,,https://pages.razorpay.com/pl_JEyqyBpmdZhUYF/view
87,Education,Female,Immediate,Monthly,20000,Rural,,,https://pages.razorpay.com/pl_JEyZeenAm5q6Tr/view
88,DisasterRF,Male,Immediate,Quarterly,12000,Urban,,,https://pages.razorpay.com/pl_JEyqyBpmdZhUYF/view
89,Women,Female,Twoweeks,Annually,4000,Rural,,,https://pages.razorpay.com/pl_JEyfQ2Cf4Osmtx/view
90,Women,Male,Oneweek,Monthly,15000,Rural,,,https://pages.razorpay.com/pl_JEyfQ2Cf4Osmtx/view
91,OldAge,Female,Twoweeks,Annually,2000,Urban,,,https://pages.razorpay.com/pl_JEyiy5weJ3j6cg/view
92,FoodForNeed,Male,Twoweeks,Quarterly,12000,Suburban,,,https://pages.razorpay.com/pl_JEyoV3HcvMWBIE/view
93,Medical,Male,Oneweek,Monthly,10000,Urban,,doctor3.jpg,https://pages.razorpay.com/pl_JEylbMyXJpHvAv/view
94,DisasterRF,Male,Oneweek,Annually,11000,Suburban,,,https://pages.razorpay.com/pl_JEyqyBpmdZhUYF/view
95,OldAge,Female,Twoweeks,Quarterly,1000,Urban,,,https://pages.razorpay.com/pl_JEyiy5weJ3j6cg/view
96,Medical,Male,Twoweeks,Annually,14000,Suburban,,,https://pages.razorpay.com/pl_JEylbMyXJpHvAv/view
97,DisasterRF,Male,Oneweek,Monthly,9000,Urban,,,https://pages.razorpay.com/pl_JEyqyBpmdZhUYF/view
98,Medical,Female,Immediate,Quarterly,1000,Suburban,,doctor3.jpg,https://pages.razorpay.com/pl_JEylbMyXJpHvAv/view
99,DisasterRF,Male,Immediate,Annually,19000,Urban,,,https://pages.razorpay.com/pl_JEyqyBpmdZhUYF/view
100,Education,Female,Oneweek,Annually,16000,Rural,,,https://pages.razorpay.com/pl_JEyZeenAm5q6Tr/view
101,Women,Male,Oneweek,Monthly,16000,Urban,,,https://pages.razorpay.com/pl_JEyfQ2Cf4Osmtx/view
102,Women,Male,Immediate,Annually,7000,Suburban,,,https://pages.razorpay.com/pl_JEyfQ2Cf4Osmtx/view
103,Medical,Female,Twoweeks,Quarterly,13000,Urban,,doctor3.jpg,https://pages.razorpay.com/pl_JEylbMyXJpHvAv/view
104,DisasterRF,Male,Immediate,Quarterly,9000,Rural,,,https://pages.razorpay.com/pl_JEyqyBpmdZhUYF/view
105,Medical,Male,Immediate,Quarterly,5000,Urban,,doctor1.jpg,https://pages.razorpay.com/pl_JEylbMyXJpHvAv/view
106,DisasterRF,Female,Oneweek,Quarterly,3000,Urban,,,https://pages.razorpay.com/pl_JEyqyBpmdZhUYF/view
107,DisasterRF,Male,Twoweeks,Annually,5000,Urban,,,https://pages.razorpay.com/pl_JEyqyBpmdZhUYF/view
108,Education,Female,Twoweeks,Monthly,14000,Urban,,,https://pages.razorpay.com/pl_JEyZeenAm5q6Tr/view
109,DisasterRF,Male,Twoweeks,Annually,1000,Urban,,,https://pages.razorpay.com/pl_JEyqyBpmdZhUYF/view
110,Women,Female,Oneweek,Quarterly,4000,Urban,,,https://pages.razorpay.com/pl_JEyfQ2Cf4Osmtx/view
111,Women,Male,Immediate,Annually,4000,Rural,,,https://pages.razorpay.com/pl_JEyfQ2Cf4Osmtx/view
112,OldAge,Female,Immediate,Quarterly,7000,Rural,,,https://pages.razorpay.com/pl_JEyiy5weJ3j6cg/view
113,FoodForNeed,Male,Twoweeks,Monthly,9000,Rural,,,https://pages.razorpay.com/pl_JEyoV3HcvMWBIE/view
114,OldAge,Male,Oneweek,Annually,4000,Rural,,,https://pages.razorpay.com/pl_JEyiy5weJ3j6cg/view
115,Medical,Female,Oneweek,Monthly,20000,Urban,,,https://pages.razorpay.com/pl_JEylbMyXJpHvAv/view
116,Medical,Male,Immediate,Monthly,6000,Rural,,doctor1.jpg,https://pages.razorpay.com/pl_JEylbMyXJpHvAv/view
117,DisasterRF,Female,Oneweek,Annually,9000,Rural,,,https://pages.razorpay.com/pl_JEyqyBpmdZhUYF/view
118,DisasterRF,Female,Immediate,Quarterly,4000,Urban,,,https://pages.razorpay.com/pl_JEyqyBpmdZhUYF/view
119,Education,Male,Twoweeks,Monthly,20000,Urban,,,https://pages.razorpay.com/pl_JEyZeenAm5q6Tr/view
120,DisasterRF,Female,Oneweek,Quarterly,2000,Suburban,,,https://pages.razorpay.com/pl_JEyqyBpmdZhUYF/view
121,Women,Male,Twoweeks,Annually,6000,Rural,,,https://pages.razorpay.com/pl_JEyfQ2Cf4Osmtx/view
122,Women,Male,Oneweek,Annually,9000,Urban,,,https://pages.razorpay.com/pl_JEyfQ2Cf4Osmtx/view
123,OldAge,Female,Immediate,Monthly,20000,Rural,,,https://pages.razorpay.com/pl_JEyiy5weJ3j6cg/view
124,FoodForNeed,Female,Immediate,Annually,2000,Rural,,,https://pages.razorpay.com/pl_JEyoV3HcvMWBIE/view
125,Education,Male,Immediate,Quarterly,13000,Rural,,,https://pages.razorpay.com/pl_JEyZeenAm5q6Tr/view
126,Medical,Male,Oneweek,Annually,20000,Urban,,,https://pages.razorpay.com/pl_JEylbMyXJpHvAv/view
127,DisasterRF,Female,Twoweeks,Annually,19000,Urban,,,https://pages.razorpay.com/pl_JEyqyBpmdZhUYF/view
128,Education,Male,Immediate,Annually,20000,Rural,,,https://pages.razorpay.com/pl_JEyZeenAm5q6Tr/view
129,Medical,Female,Oneweek,Quarterly,2000,Urban,,doctor2.jpg,https://pages.razorpay.com/pl_JEylbMyXJpHvAv/view
130,Medical,Male,Twoweeks,Annually,19000,Suburban,,,https://pages.razorpay.com/pl_JEylbMyXJpHvAv/view
131,DisasterRF,Female,Twoweeks,Monthly,8000,Urban,,,https://pages.razorpay.com/pl_JEyqyBpmdZhUYF/view
132,DisasterRF,Male,Oneweek,Annually,14000,Urban,,,https://pages.razorpay.com/pl_JEyqyBpmdZhUYF/view
133,Education,Male,Immediate,Quarterly,4000,Urban,,,https://pages.razorpay.com/pl_JEyZeenAm5q6Tr/view
134,DisasterRF,Male,Oneweek,Monthly,6000,Urban,,,https://pages.razorpay.com/pl_JEyqyBpmdZhUYF/view
135,Women,Female,Oneweek,Monthly,10000,Suburban,,,https://pages.razorpay.com/pl_JEyfQ2Cf4Osmtx/view
136,Women,Male,Oneweek,Monthly,12000,Suburban,,,https://pages.razorpay.com/pl_JEyfQ2Cf4Osmtx/view
137,OldAge,Male,Oneweek,Monthly,11000,Rural,,,https://pages.razorpay.com/pl_JEyiy5weJ3j6cg/view
138,FoodForNeed,Female,Twoweeks,Quarterly,7000,Urban,,,https://pages.razorpay.com/pl_JEyoV3HcvMWBIE/view
139,Medical,Male,Twoweeks,Annually,16000,Rural,,doctor3.jpg,https://pages.razorpay.com/pl_JEylbMyXJpHvAv/view
140,DisasterRF,Female,Twoweeks,Quarterly,14000,Urban,,,https://pages.razorpay.com/pl_JEyqyBpmdZhUYF/view
141,Education,Male,Oneweek,Quarterly,3000,Suburban,,,https://pages.razorpay.com/pl_JEyZeenAm5q6Tr/view
142,Women,Male,Immediate,Quarterly,8000,Urban,,,https://pages.razorpay.com/pl_JEyfQ2Cf4Osmtx/view
143,Women,Female,Twoweeks,Quarterly,15000,Urban,,,https://pages.razorpay.com/pl_JEyfQ2Cf4Osmtx/view
144,DisasterRF,Female,Oneweek,Annually,6000,Rural,,,https://pages.razorpay.com/pl_JEyqyBpmdZhUYF/view
145,Education,Male,Twoweeks,Monthly,20000,Rural,,,https://pages.razorpay.com/pl_JEyZeenAm5q6Tr/view
146,Women,Female,Oneweek,Annually,6000,Urban,,,https://pages.razorpay.com/pl_JEyfQ2Cf4Osmtx/view
147,Women,Female,Immediate,Monthly,11000,Urban,,,https://pages.razorpay.com/pl_JEyfQ2Cf4Osmtx/view
148,Medical,Male,Immediate,Quarterly,15000,Urban,,doctor1.jpg,https://pages.razorpay.com/pl_JEylbMyXJpHvAv/view
149,DisasterRF,Female,Oneweek,Monthly,4000,Urban,,,https://pages.razorpay.com/pl_JEyqyBpmdZhUYF/view
150,DisasterRF,Male,Twoweeks,Quarterly,4000,Urban,,,https://pages.razorpay.com/pl_JEyqyBpmdZhUYF/view
151,Education,Male,Immediate,Monthly,1000,Urban,,,https://pages.razorpay.com/pl_JEyZeenAm5q6Tr/view
152,DisasterRF,Female,Oneweek,Annually,10000,Rural,,,https://pages.razorpay.com/pl_JEyqyBpmdZhUYF/view
153,Women,Male,Twoweeks,Monthly,11000,Urban,,,https://pages.razorpay.com/pl_JEyfQ2Cf4Osmtx/view
154,Women,Female,Twoweeks,Annually,9000,Suburban,,,https://pages.razorpay.com/pl_JEyfQ2Cf4Osmtx/view
155,OldAge,Male,Twoweeks,Monthly,13000,Urban,,,https://pages.razorpay.com/pl_JEyiy5weJ3j6cg/view
156,FoodForNeed,Male,Oneweek,Monthly,15000,Suburban,,,https://pages.razorpay.com/pl_JEyoV3HcvMWBIE/view
157,Medical,Female,Immediate,Quarterly,15000,Rural,,doctor2.jpg,https://pages.razorpay.com/pl_JEylbMyXJpHvAv/view
158,Medical,Female,Twoweeks,Monthly,15000,Rural,,,https://pages.razorpay.com/pl_JEylbMyXJpHvAv/view
159,DisasterRF,Male,Immediate,Annually,11000,Rural,,,https://pages.razorpay.com/pl_JEyqyBpmdZhUYF/view
160,DisasterRF,Female,Twoweeks,Quarterly,3000,Urban,,,https://pages.razorpay.com/pl_JEyqyBpmdZhUYF/view
161,Education,Male,Twoweeks,Annually,4000,Urban,,,https://pages.razorpay.com/pl_JEyZeenAm5q6Tr/view
162,DisasterRF,Female,Immediate,Quarterly,18000,Suburban,,,https://pages.razorpay.com/pl_JEyqyBpmdZhUYF/view
163,Women,Male,Immediate,Annually,2000,Rural,,,https://pages.razorpay.com/pl_JEyfQ2Cf4Osmtx/view
164,Women,Female,Twoweeks,Annually,4000,Rural,,,https://pages.razorpay.com/pl_JEyfQ2Cf4Osmtx/view
165,OldAge,Male,Twoweeks,Quarterly,5000,Suburban,,,https://pages.razorpay.com/pl_JEyiy5weJ3j6cg/view
166,FoodForNeed,Female,Oneweek,Monthly,1000,Urban,,,https://pages.razorpay.com/pl_JEyoV3HcvMWBIE/view
167,Medical,Male,Twoweeks,Annually,17000,Rural,,,https://pages.razorpay.com/pl_JEylbMyXJpHvAv/view
168,DisasterRF,Male,Immediate,Monthly,8000,Urban,,,https://pages.razorpay.com/pl_JEyqyBpmdZhUYF/view
169,Medical,Female,Immediate,Annually,17000,Suburban,,doctor3.jpg,https://pages.razorpay.com/pl_JEylbMyXJpHvAv/view
170,Medical,Female,Immediate,Quarterly,2000,Urban,,,https://pages.razorpay.com/pl_JEylbMyXJpHvAv/view
171,DisasterRF,Male,Oneweek,Annually,14000,Rural,,,https://pages.razorpay.com/pl_JEyqyBpmdZhUYF/view
172,DisasterRF,Female,Twoweeks,Monthly,4000,Suburban,,,https://pages.razorpay.com/pl_JEyqyBpmdZhUYF/view
173,Education,Male,Twoweeks,Quarterly,8000,Urban,,,https://pages.razorpay.com/pl_JEyZeenAm5q6Tr/view
174,DisasterRF,Female,Twoweeks,Annually,13000,Rural,,,https://pages.razorpay.com/pl_JEyqyBpmdZhUYF/view
175,Women,Male,Twoweeks,Monthly,12000,Suburban,,,https://pages.razorpay.com/pl_JEyfQ2Cf4Osmtx/view
176,Women,Male,Oneweek,Annually,10000,Urban,,,https://pages.razorpay.com/pl_JEyfQ2Cf4Osmtx/view
177,OldAge,Male,Oneweek,Annually,20000,Rural,,,https://pages.razorpay.com/pl_JEyiy5weJ3j6cg/view
178,FoodForNeed,Female,Twoweeks,Monthly,1000,Urban,,,https://pages.razorpay.com/pl_JEyoV3HcvMWBIE/view
179,Medical,Male,Twoweeks,Annually,11000,Urban,,doctor3.jpg,https://pages.razorpay.com/pl_JEylbMyXJpHvAv/view
180,DisasterRF,Male,Immediate,Quarterly,14000,Urban,,,https://pages.razorpay.com/pl_JEyqyBpmdZhUYF/view
181,Medical,Female,Oneweek,Annually,17000,Urban,,doctor3.jpg,https://pages.razorpay.com/pl_JEylbMyXJpHvAv/view
182,DisasterRF,Male,Immediate,Quarterly,8000,Rural,,,https://pages.razorpay.com/pl_JEyqyBpmdZhUYF/view
183,Education,Female,Oneweek,Annually,17000,Suburban,,,https://pages.razorpay.com/pl_JEyZeenAm5q6Tr/view
184,Women,Female,Immediate,Monthly,20000,Urban,,,https://pages.razorpay.com/pl_JEyfQ2Cf4Osmtx/view
185,Women,Male,Oneweek,Quarterly,1000,Suburban,,,https://pages.razorpay.com/pl_JEyfQ2Cf4Osmtx/view
186,DisasterRF,Female,Oneweek,Annually,9000,Urban,,,https://pages.razorpay.com/pl_JEyqyBpmdZhUYF/view
187,Medical,Male,Immediate,Monthly,20000,Urban,,doctor1.jpg,https://pages.razorpay.com/pl_JEylbMyXJpHvAv/view
188,Medical,Male,Immediate,Quarterly,6000,Suburban,,,https://pages.razorpay.com/pl_JEylbMyXJpHvAv/view
189,DisasterRF,Female,Immediate,Annually,7000,Suburban,,,https://pages.razorpay.com/pl_JEyqyBpmdZhUYF/view
190,DisasterRF,Male,Oneweek,Monthly,2000,Urban,,,https://pages.razorpay.com/pl_JEyqyBpmdZhUYF/view
191,Education,Female,Twoweeks,Annually,3000,Rural,,,https://pages.razorpay.com/pl_JEyZeenAm5q6Tr/view
192,DisasterRF,Female,Oneweek,Quarterly,18000,Urban,,,https://pages.razorpay.com/pl_JEyqyBpmdZhUYF/view
193,Women,Male,Oneweek,Annually,3000,Suburban,,,https://pages.razorpay.com/pl_JEyfQ2Cf4Osmtx/view
194,Women,Male,Twoweeks,Monthly,2000,Urban,,,https://pages.razorpay.com/pl_JEyfQ2Cf4Osmtx/view
195,OldAge,Female,Oneweek,Quarterly,19000,Suburban,,,https://pages.razorpay.com/pl_JEyiy5weJ3j6cg/view
196,FoodForNeed,Male,Immediate,Quarterly,8000,Rural,,,https://pages.razorpay.com/pl_JEyoV3HcvMWBIE/view
197,Medical,Male,Oneweek,Monthly,19000,Suburban,,,https://pages.razorpay.com/pl_JEylbMyXJpHvAv/view
198,Medical,Female,Oneweek,Annually,8000,Urban,,,https://pages.razorpay.com/pl_JEylbMyXJpHvAv/view
199,DisasterRF,Male,Twoweeks,Quarterly,6000,Rural,,,https://pages.razorpay.com/pl_JEyqyBpmdZhUYF/view
200,DisasterRF,Male,Oneweek,Monthly,9000,Suburban,,,https://pages.razorpay.com/pl_JEyqyBpmdZhUYF/view
201,Education,Female,Oneweek,Monthly,9000,Rural,,,https://pages.razorpay.com/pl_JEyZeenAm5q6Tr/view
202,DisasterRF,Male,Immediate,Monthly,20000,Suburban,,,https://pages.razorpay.com/pl_JEyqyBpmdZhUYF/view
203,Women,Male,Twoweeks,Monthly,13000,Suburban,,,https://pages.razorpay.com/pl_JEyfQ2Cf4Osmtx/view
204,Women,Female,Oneweek,Annually,16000,Rural,,,https://pages.razorpay.com/pl_JEyfQ2Cf4Osmtx/view
205,OldAge,Female,Oneweek,Annually,12000,Rural,,,https://pages.razorpay.com/pl_JEyiy5weJ3j6cg/view
206,FoodForNeed,Female,Twoweeks,Monthly,16000,Urban,,,https://pages.razorpay.com/pl_JEyoV3HcvMWBIE/view
207,Medical,Male,Immediate,Annually,18000,Rural,,,https://pages.razorpay.com/pl_JEylbMyXJpHvAv/view
208,DisasterRF,Female,Oneweek,Quarterly,18000,Rural,,,https://pages.razorpay.com/pl_JEyqyBpmdZhUYF/view
209,Medical,Male,Immediate,Annually,3000,Rural,,doctor1.jpg,https://pages.razorpay.com/pl_JEylbMyXJpHvAv/view
210,Medical,Male,Twoweeks,Quarterly,18000,Rural,,doctor3.jpg,https://pages.razorpay.com/pl_JEylbMyXJpHvAv/view
211,DisasterRF,Female,Oneweek,Annually,4000,Rural,,,https://pages.razorpay.com/pl_JEyqyBpmdZhUYF/view
212,DisasterRF,Female,Immediate,Monthly,17000,Urban,,,https://pages.razorpay.com/pl_JEyqyBpmdZhUYF/view
213,Education,Male,Twoweeks,Monthly,13000,Rural,,,https://pages.razorpay.com/pl_JEyZeenAm5q6Tr/view
214,DisasterRF,Male,Oneweek,Monthly,2000,Suburban,,,https://pages.razorpay.com/pl_JEyqyBpmdZhUYF/view
215,Women,Female,Twoweeks,Monthly,13000,Urban,,,https://pages.razorpay.com/pl_JEyfQ2Cf4Osmtx/view
216,Women,Male,Oneweek,Annually,14000,Suburban,,,https://pages.razorpay.com/pl_JEyfQ2Cf4Osmtx/view
217,OldAge,Male,Oneweek,Monthly,14000,Suburban,,,https://pages.razorpay.com/pl_JEyiy5weJ3j6cg/view
218,FoodForNeed,Female,Immediate,Annually,9000,Rural,,,https://pages.razorpay.com/pl_JEyoV3HcvMWBIE/view
219,Education,Female,Twoweeks,Monthly,15000,Rural,,,https://pages.razorpay.com/pl_JEyZeenAm5q6Tr/view
220,Women,Male,Immediate,Annually,7000,Rural,,,https://pages.razorpay.com/pl_JEyfQ2Cf4Osmtx/view
221,Women,Male,Twoweeks,Monthly,14000,Rural,,,https://pages.razorpay.com/pl_JEyfQ2Cf4Osmtx/view
222,Medical,Male,Oneweek,Monthly,3000,Suburban,,doctor2.jpg,https://pages.razorpay.com/pl_JEylbMyXJpHvAv/view
223,DisasterRF,Female,Twoweeks,Annually,16000,Urban,,,https://pages.razorpay.com/pl_JEyqyBpmdZhUYF/view
224,DisasterRF,Male,Twoweeks,Monthly,17000,Suburban,,,https://pages.razorpay.com/pl_JEyqyBpmdZhUYF/view
225,Education,Male,Oneweek,Annually,20000,Rural,,,https://pages.razorpay.com/pl_JEyZeenAm5q6Tr/view
226,DisasterRF,Female,Immediate,Quarterly,2000,Urban,,,https://pages.razorpay.com/pl_JEyqyBpmdZhUYF/view
227,Women,Male,Oneweek,Annually,11000,Rural,,,https://pages.razorpay.com/pl_JEyfQ2Cf4Osmtx/view
228,Women,Male,Twoweeks,Monthly,8000,Urban,,,https://pages.razorpay.com/pl_JEyfQ2Cf4Osmtx/view
229,OldAge,Female,Oneweek,Annually,2000,Suburban,,,https://pages.razorpay.com/pl_JEyiy5weJ3j6cg/view
230,FoodForNeed,Female,Immediate,Annually,4000,Suburban,,,https://pages.razorpay.com/pl_JEyoV3HcvMWBIE/view
231,Medical,Male,Twoweeks,Monthly,10000,Rural,,doctor1.jpg,https://pages.razorpay.com/pl_JEylbMyXJpHvAv/view
232,Medical,Male,Immediate,Annually,16000,Suburban,,doctor3.jpg,https://pages.razorpay.com/pl_JEylbMyXJpHvAv/view
233,DisasterRF,Female,Oneweek,Monthly,13000,Rural,,,https://pages.razorpay.com/pl_JEyqyBpmdZhUYF/view
234,DisasterRF,Female,Twoweeks,Quarterly,3000,Rural,,,https://pages.razorpay.com/pl_JEyqyBpmdZhUYF/view
235,Education,Male,Twoweeks,Monthly,4000,Rural,,,https://pages.razorpay.com/pl_JEyZeenAm5q6Tr/view
236,DisasterRF,Male,Twoweeks,Monthly,10000,Suburban,,,https://pages.razorpay.com/pl_JEyqyBpmdZhUYF/view
237,Women,Female,Oneweek,Annually,11000,Suburban,,,https://pages.razorpay.com/pl_JEyfQ2Cf4Osmtx/view
238,Women,Male,Oneweek,Monthly,19000,Urban,,,https://pages.razorpay.com/pl_JEyfQ2Cf4Osmtx/view
239,OldAge,Male,Immediate,Annually,5000,Suburban,,,https://pages.razorpay.com/pl_JEyiy5weJ3j6cg/view
240,FoodForNeed,Female,Oneweek,Monthly,20000,Suburban,,,https://pages.razorpay.com/pl_JEyoV3HcvMWBIE/view
241,Education,Male,Oneweek,Quarterly,14000,Urban,,,https://pages.razorpay.com/pl_JEyZeenAm5q6Tr/view
242,Medical,Male,Immediate,Monthly,16000,Urban,,doctor2.jpg,https://pages.razorpay.com/pl_JEylbMyXJpHvAv/view
243,Medical,Female,Twoweeks,Annually,16000,Suburban,,doctor3.jpg,https://pages.razorpay.com/pl_JEylbMyXJpHvAv/view
244,DisasterRF,Male,Twoweeks,Monthly,1000,Suburban,,,https://pages.razorpay.com/pl_JEyqyBpmdZhUYF/view
245,DisasterRF,Female,Oneweek,Monthly,10000,Rural,,,https://pages.razorpay.com/pl_JEyqyBpmdZhUYF/view
246,Education,Female,Twoweeks,Annually,15000,Rural,,,https://pages.razorpay.com/pl_JEyZeenAm5q6Tr/view
247,DisasterRF,Male,Twoweeks,Quarterly,10000,Suburban,,,https://pages.razorpay.com/pl_JEyqyBpmdZhUYF/view
248,Women,Female,Oneweek,Monthly,15000,Suburban,,,https://pages.razorpay.com/pl_JEyfQ2Cf4Osmtx/view
249,Women,Male,Twoweeks,Annually,12000,Urban,,,https://pages.razorpay.com/pl_JEyfQ2Cf4Osmtx/view
250,OldAge,Male,Twoweeks,Monthly,10000,Suburban,,,https://pages.razorpay.com/pl_JEyiy5weJ3j6cg/view
251,FoodForNeed,Female,Oneweek,Quarterly,12000,Urban,,,https://pages.razorpay.com/pl_JEyoV3HcvMWBIE/view
252,Education,Female,Immediate,Monthly,11000,Rural,,,https://pages.razorpay.com/pl_JEyZeenAm5q6Tr/view
253,Women,Male,Oneweek,Monthly,4000,Rural,,,https://pages.razorpay.com/pl_JEyfQ2Cf4Osmtx/view
254,Women,Male,Oneweek,Monthly,7000,Urban,,,https://pages.razorpay.com/pl_JEyfQ2Cf4Osmtx/view
255,DisasterRF,Female,Twoweeks,Monthly,4000,Suburban,,,https://pages.razorpay.com/pl_JEyqyBpmdZhUYF/view
256,DisasterRF,Male,Twoweeks,Monthly,16000,Suburban,,,https://pages.razorpay.com/pl_JEyqyBpmdZhUYF/view
257,Education,Male,Oneweek,Annually,14000,Urban,,,https://pages.razorpay.com/pl_JEyZeenAm5q6Tr/view
258,DisasterRF,Female,Oneweek,Monthly,2000,Rural,,,https://pages.razorpay.com/pl_JEyqyBpmdZhUYF/view
259,Women,Female,Twoweeks,Annually,15000,Urban,,,https://pages.razorpay.com/pl_JEyfQ2Cf4Osmtx/view
260,Women,Female,Immediate,Monthly,12000,Suburban,,,https://pages.razorpay.com/pl_JEyfQ2Cf4Osmtx/view
261,OldAge,Male,Oneweek,Quarterly,2000,Rural,,,https://pages.razorpay.com/pl_JEyiy5weJ3j6cg/view
262,FoodForNeed,Male,Immediate,Monthly,9000,Urban,,,https://pages.razorpay.com/pl_JEyoV3HcvMWBIE/view
263,Education,Female,Twoweeks,Annually,11000,Rural,,,https://pages.razorpay.com/pl_JEyZeenAm5q6Tr/view
264,Medical,Male,Oneweek,Monthly,16000,Suburban,,,https://pages.razorpay.com/pl_JEylbMyXJpHvAv/view
265,DisasterRF,Male,Immediate,Annually,20000,Suburban,,,https://pages.razorpay.com/pl_JEyqyBpmdZhUYF/view
266,Education,Male,Oneweek,Annually,7000,Suburban,,,https://pages.razorpay.com/pl_JEyZeenAm5q6Tr/view
267,Medical,Female,Oneweek,Monthly,1000,Suburban,,doctor1.jpg,https://pages.razorpay.com/pl_JEylbMyXJpHvAv/view
268,Medical,Male,Oneweek,Quarterly,16000,Suburban,,doctor2.jpg,https://pages.razorpay.com/pl_JEylbMyXJpHvAv/view
269,DisasterRF,Male,Oneweek,Quarterly,9000,Rural,,,https://pages.razorpay.com/pl_JEyqyBpmdZhUYF/view
270,DisasterRF,Female,Oneweek,Monthly,10000,Suburban,,,https://pages.razorpay.com/pl_JEyqyBpmdZhUYF/view
271,Education,Male,Twoweeks,Quarterly,1000,Suburban,,,https://pages.razorpay.com/pl_JEyZeenAm5q6Tr/view
272,DisasterRF,Male,Twoweeks,Monthly,9000,Rural,,,https://pages.razorpay.com/pl_JEyqyBpmdZhUYF/view
273,Women,Female,Oneweek,Quarterly,18000,Urban,,,https://pages.razorpay.com/pl_JEyfQ2Cf4Osmtx/view
274,Women,Female,Oneweek,Quarterly,5000,Rural,,,https://pages.razorpay.com/pl_JEyfQ2Cf4Osmtx/view
275,OldAge,Male,Oneweek,Annually,6000,Urban,,,https://pages.razorpay.com/pl_JEyiy5weJ3j6cg/view
276,FoodForNeed,Male,Oneweek,Monthly,20000,Suburban,,,https://pages.razorpay.com/pl_JEyoV3HcvMWBIE/view
277,Education,Male,Oneweek,Quarterly,15000,Rural,,,https://pages.razorpay.com/pl_JEyZeenAm5q6Tr/view
278,Women,Male,Oneweek,Quarterly,5000,Urban,,,https://pages.razorpay.com/pl_JEyfQ2Cf4Osmtx/view
279,Women,Female,Immediate,Annually,20000,Suburban,,,https://pages.razorpay.com/pl_JEyfQ2Cf4Osmtx/view
280,Education,Male,Immediate,Quarterly,20000,Rural,,,https://pages.razorpay.com/pl_JEyZeenAm5q6Tr/view
281,Medical,Female,Immediate,Monthly,7000,Suburban,,,https://pages.razorpay.com/pl_JEylbMyXJpHvAv/view
282,Medical,Male,Oneweek,Annually,18000,Rural,,,https://pages.razorpay.com/pl_JEylbMyXJpHvAv/view
283,DisasterRF,Male,Twoweeks,Monthly,11000,Suburban,,,https://pages.razorpay.com/pl_JEyqyBpmdZhUYF/view
284,DisasterRF,Female,Oneweek,Quarterly,12000,Urban,,,https://pages.razorpay.com/pl_JEyqyBpmdZhUYF/view
285,Education,Female,Oneweek,Quarterly,16000,Suburban,,,https://pages.razorpay.com/pl_JEyZeenAm5q6Tr/view
286,DisasterRF,Male,Oneweek,Quarterly,14000,Rural,,,https://pages.razorpay.com/pl_JEyqyBpmdZhUYF/view
287,Women,Male,Twoweeks,Monthly,11000,Rural,,,https://pages.razorpay.com/pl_JEyfQ2Cf4Osmtx/view
288,Women,Female,Twoweeks,Annually,14000,Suburban,,,https://pages.razorpay.com/pl_JEyfQ2Cf4Osmtx/view
289,OldAge,Female,Twoweeks,Annually,16000,Urban,,,https://pages.razorpay.com/pl_JEyiy5weJ3j6cg/view
290,FoodForNeed,Female,Twoweeks,Monthly,7000,Suburban,,,https://pages.razorpay.com/pl_JEyoV3HcvMWBIE/view
291,Medical,Female,Oneweek,Annually,11000,Suburban,,doctor2.jpg,https://pages.razorpay.com/pl_JEylbMyXJpHvAv/view
292,DisasterRF,Female,Immediate,Monthly,14000,Urban,,,https://pages.razorpay.com/pl_JEyqyBpmdZhUYF/view
293,Medical,Male,Immediate,Annually,4000,Rural,,doctor2.jpg,https://pages.razorpay.com/pl_JEylbMyXJpHvAv/view
294,Medical,Male,Immediate,Quarterly,16000,Urban,,doctor3.jpg,https://pages.razorpay.com/pl_JEylbMyXJpHvAv/view
295,DisasterRF,Male,Oneweek,Monthly,12000,Rural,,,https://pages.razorpay.com/pl_JEyqyBpmdZhUYF/view
296,DisasterRF,Female,Twoweeks,Annually,17000,Rural,,,https://pages.razorpay.com/pl_JEyqyBpmdZhUYF/view
297,Education,Female,Twoweeks,Quarterly,4000,Urban,,,https://pages.razorpay.com/pl_JEyZeenAm5q6Tr/view
298,DisasterRF,Male,Twoweeks,Annually,15000,Suburban,,,https://pages.razorpay.com/pl_JEyqyBpmdZhUYF/view
299,Women,Female,Twoweeks,Monthly,19000,Rural,,,https://pages.razorpay.com/pl_JEyfQ2Cf4Osmtx/view
300,Women,Female,Oneweek,Annually,17000,Urban,,,https://pages.razorpay.com/pl_JEyfQ2Cf4Osmtx/view
301,OldAge,Male,Twoweeks,Quarterly,14000,Urban,,,https://pages.razorpay.com/pl_JEyiy5weJ3j6cg/view
302,FoodForNeed,Female,Twoweeks,Annually,11000,Urban,,,https://pages.razorpay.com/pl_JEyoV3HcvMWBIE/view
303,Medical,Male,Twoweeks,Quarterly,18000,Rural,,doctor3.jpg,https://pages.razorpay.com/pl_JEylbMyXJpHvAv/view
304,DisasterRF,Male,Twoweeks,Monthly,20000,Rural,,,https://pages.razorpay.com/pl_JEyqyBpmdZhUYF/view
305,Education,Male,Oneweek,Annually,4000,Urban,,,https://pages.razorpay.com/pl_JEyZeenAm5q6Tr/view
306,Women,Female,Immediate,Quarterly,16000,Suburban,,,https://pages.razorpay.com/pl_JEyfQ2Cf4Osmtx/view
307,Women,Female,Immediate,Monthly,9000,Suburban,,,https://pages.razorpay.com/pl_JEyfQ2Cf4Osmtx/view
308,Education,Female,Immediate,Quarterly,14000,Rural,,,https://pages.razorpay.com/pl_JEyZeenAm5q6Tr/view
309,Women,Female,Twoweeks,Monthly,19000,Urban,,,https://pages.razorpay.com/pl_JEyfQ2Cf4Osmtx/view
310,Women,Female,Oneweek,Monthly,10000,Urban,,,https://pages.razorpay.com/pl_JEyfQ2Cf4Osmtx/view
311,Medical,Male,Immediate,Monthly,15000,Suburban,,,https://pages.razorpay.com/pl_JEylbMyXJpHvAv/view
312,DisasterRF,Male,Oneweek,Monthly,18000,Urban,,,https://pages.razorpay.com/pl_JEyqyBpmdZhUYF/view
313,Medical,Male,Oneweek,Annually,2000,Suburban,,,https://pages.razorpay.com/pl_JEylbMyXJpHvAv/view
314,Medical,Female,Twoweeks,Quarterly,17000,Rural,,doctor1.jpg,https://pages.razorpay.com/pl_JEylbMyXJpHvAv/view
315,DisasterRF,Male,Twoweeks,Monthly,2000,Urban,,,https://pages.razorpay.com/pl_JEyqyBpmdZhUYF/view
316,DisasterRF,Male,Oneweek,Quarterly,2000,Rural,,,https://pages.razorpay.com/pl_JEyqyBpmdZhUYF/view
317,Education,Female,Oneweek,Annually,1000,Rural,,,https://pages.razorpay.com/pl_JEyZeenAm5q6Tr/view
318,DisasterRF,Male,Immediate,Annually,17000,Rural,,,https://pages.razorpay.com/pl_JEyqyBpmdZhUYF/view
319,Women,Male,Oneweek,Monthly,1000,Rural,,,https://pages.razorpay.com/pl_JEyfQ2Cf4Osmtx/view
320,Women,Female,Oneweek,Annually,4000,Suburban,,,https://pages.razorpay.com/pl_JEyfQ2Cf4Osmtx/view
321,OldAge,Female,Twoweeks,Monthly,15000,Suburban,,,https://pages.razorpay.com/pl_JEyiy5weJ3j6cg/view
322,FoodForNeed,Male,Twoweeks,Quarterly,18000,Suburban,,,https://pages.razorpay.com/pl_JEyoV3HcvMWBIE/view
323,Medical,Male,Twoweeks,Annually,11000,Suburban,,doctor2.jpg,https://pages.razorpay.com/pl_JEylbMyXJpHvAv/view
324,DisasterRF,Female,Twoweeks,Monthly,19000,Rural,,,https://pages.razorpay.com/pl_JEyqyBpmdZhUYF/view
325,Education,Female,Immediate,Annually,2000,Rural,,,https://pages.razorpay.com/pl_JEyZeenAm5q6Tr/view
326,Medical,Male,Immediate,Quarterly,10000,Urban,,doctor2.jpg,https://pages.razorpay.com/pl_JEylbMyXJpHvAv/view
327,Medical,Male,Immediate,Quarterly,4000,Urban,,,https://pages.razorpay.com/pl_JEylbMyXJpHvAv/view
328,DisasterRF,Female,Immediate,Annually,3000,Suburban,,,https://pages.razorpay.com/pl_JEyqyBpmdZhUYF/view
329,DisasterRF,Female,Oneweek,Monthly,9000,Urban,,,https://pages.razorpay.com/pl_JEyqyBpmdZhUYF/view
330,Education,Female,Oneweek,Quarterly,6000,Urban,,,https://pages.razorpay.com/pl_JEyZeenAm5q6Tr/view
331,DisasterRF,Female,Twoweeks,Monthly,10000,Suburban,,,https://pages.razorpay.com/pl_JEyqyBpmdZhUYF/view
332,Women,Female,Immediate,Quarterly,4000,Rural,,,https://pages.razorpay.com/pl_JEyfQ2Cf4Osmtx/view
333,Women,Male,Twoweeks,Annually,6000,Suburban,,,https://pages.razorpay.com/pl_JEyfQ2Cf4Osmtx/view
334,OldAge,Male,Twoweeks,Monthly,11000,Rural,,,https://pages.razorpay.com/pl_JEyiy5weJ3j6cg/view
335,FoodForNeed,Male,Oneweek,Annually,10000,Urban,,,https://pages.razorpay.com/pl_JEyoV3HcvMWBIE/view
336,Medical,Female,Immediate,Monthly,4000,Rural,,doctor3.jpg,https://pages.razorpay.com/pl_JEylbMyXJpHvAv/view
337,Medical,Male,Twoweeks,Annually,6000,Urban,,doctor2.jpg,https://pages.razorpay.com/pl_JEylbMyXJpHvAv/view
338,DisasterRF,Male,Immediate,Quarterly,7000,Suburban,,,https://pages.razorpay.com/pl_JEyqyBpmdZhUYF/view
339,DisasterRF,Female,Oneweek,Quarterly,5000,Rural,,,https://pages.razorpay.com/pl_JEyqyBpmdZhUYF/view
340,Education,Female,Twoweeks,Quarterly,12000,Suburban,,,https://pages.razorpay.com/pl_JEyZeenAm5q6Tr/view
341,DisasterRF,Female,Oneweek,Monthly,20000,Urban,,,https://pages.razorpay.com/pl_JEyqyBpmdZhUYF/view
342,Women,Male,Twoweeks,Monthly,14000,Suburban,,,https://pages.razorpay.com/pl_JEyfQ2Cf4Osmtx/view
343,Women,Female,Immediate,Monthly,10000,Rural,,,https://pages.razorpay.com/pl_JEyfQ2Cf4Osmtx/view
344,OldAge,Male,Immediate,Annually,11000,Suburban,,,https://pages.razorpay.com/pl_JEyiy5weJ3j6cg/view
345,FoodForNeed,Male,Immediate,Quarterly,2000,Suburban,,,https://pages.razorpay.com/pl_JEyoV3HcvMWBIE/view
346,Medical,Male,Immediate,Quarterly,4000,Urban,,,https://pages.razorpay.com/pl_JEylbMyXJpHvAv/view
347,DisasterRF,Female,Immediate,Quarterly,4000,Urban,,,https://pages.razorpay.com/pl_JEyqyBpmdZhUYF/view
348,OldAge,Female,Twoweeks,Annually,4000,Urban,,,https://pages.razorpay.com/pl_JEyiy5weJ3j6cg/view
349,FoodForNeed,Female,Twoweeks,Monthly,16000,Rural,,,https://pages.razorpay.com/pl_JEyoV3HcvMWBIE/view
350,Medical,Female,Oneweek,Quarterly,20000,Suburban,,doctor1.jpg,https://pages.razorpay.com/pl_JEylbMyXJpHvAv/view
351,DisasterRF,Female,Immediate,Annually,2000,Suburban,,,https://pages.razorpay.com/pl_JEyqyBpmdZhUYF/view
352,Medical,Male,Twoweeks,Monthly,15000,Rural,,,https://pages.razorpay.com/pl_JEylbMyXJpHvAv/view
353,DisasterRF,Male,Oneweek,Quarterly,19000,Urban,,,https://pages.razorpay.com/pl_JEyqyBpmdZhUYF/view
354,Medical,Male,Immediate,Monthly,5000,Urban,,doctor1.jpg,https://pages.razorpay.com/pl_JEylbMyXJpHvAv/view
355,Medical,Female,Twoweeks,Quarterly,1000,Urban,,doctor2.jpg,https://pages.razorpay.com/pl_JEylbMyXJpHvAv/view
356,DisasterRF,Male,Twoweeks,Annually,5000,Suburban,,,https://pages.razorpay.com/pl_JEyqyBpmdZhUYF/view
357,DisasterRF,Male,Immediate,Monthly,18000,Rural,,,https://pages.razorpay.com/pl_JEyqyBpmdZhUYF/view
358,Education,Female,Oneweek,Quarterly,14000,Urban,,,https://pages.razorpay.com/pl_JEyZeenAm5q6Tr/view
359,DisasterRF,Male,Oneweek,Quarterly,18000,Suburban,,,https://pages.razorpay.com/pl_JEyqyBpmdZhUYF/view
360,Women,Male,Twoweeks,Monthly,3000,Urban,,,https://pages.razorpay.com/pl_JEyfQ2Cf4Osmtx/view
361,Women,Female,Twoweeks,Quarterly,4000,Suburban,,,https://pages.razorpay.com/pl_JEyfQ2Cf4Osmtx/view
362,OldAge,Male,Immediate,Monthly,1000,Suburban,,,https://pages.razorpay.com/pl_JEyiy5weJ3j6cg/view
363,FoodForNeed,Female,Twoweeks,Annually,8000,Urban,,,https://pages.razorpay.com/pl_JEyoV3HcvMWBIE/view
364,Education,Female,Oneweek,Monthly,3000,Urban,,,https://pages.razorpay.com/pl_JEyZeenAm5q6Tr/view
365,Women,Male,Oneweek,Quarterly,3000,Urban,,,https://pages.razorpay.com/pl_JEyfQ2Cf4Osmtx/view
366,Women,Female,Oneweek,Monthly,15000,Suburban,,,https://pages.razorpay.com/pl_JEyfQ2Cf4Osmtx/view
367,Medical,Male,Immediate,Annually,11000,Rural,,doctor3.jpg,https://pages.razorpay.com/pl_JEylbMyXJpHvAv/view
368,DisasterRF,Male,Twoweeks,Annually,6000,Urban,,,https://pages.razorpay.com/pl_JEyqyBpmdZhUYF/view
369,DisasterRF,Male,Twoweeks,Monthly,2000,Urban,,,https://pages.razorpay.com/pl_JEyqyBpmdZhUYF/view
370,Education,Female,Immediate,Monthly,8000,Urban,,,https://pages.razorpay.com/pl_JEyZeenAm5q6Tr/view
371,DisasterRF,Female,Twoweeks,Quarterly,5000,Suburban,,,https://pages.razorpay.com/pl_JEyqyBpmdZhUYF/view
372,Women,Female,Twoweeks,Monthly,13000,Urban,,,https://pages.razorpay.com/pl_JEyfQ2Cf4Osmtx/view
373,Women,Female,Oneweek,Quarterly,16000,Suburban,,,https://pages.razorpay.com/pl_JEyfQ2Cf4Osmtx/view
374,OldAge,Female,Oneweek,Annually,5000,Rural,,,https://pages.razorpay.com/pl_JEyiy5weJ3j6cg/view
375,FoodForNeed,Male,Twoweeks,Monthly,14000,Urban,,,https://pages.razorpay.com/pl_JEyoV3HcvMWBIE/view
376,Education,Male,Immediate,Monthly,9000,Urban,,,https://pages.razorpay.com/pl_JEyZeenAm5q6Tr/view
377,Medical,Male,Oneweek,Quarterly,10000,Urban,,doctor3.jpg,https://pages.razorpay.com/pl_JEylbMyXJpHvAv/view
378,Medical,Female,Twoweeks,Monthly,11000,Urban,,doctor2.jpg,https://pages.razorpay.com/pl_JEylbMyXJpHvAv/view
379,DisasterRF,Male,Oneweek,Monthly,13000,Suburban,,,https://pages.razorpay.com/pl_JEyqyBpmdZhUYF/view
380,DisasterRF,Male,Twoweeks,Quarterly,13000,Suburban,,,https://pages.razorpay.com/pl_JEyqyBpmdZhUYF/view
381,Education,Female,Twoweeks,Monthly,7000,Suburban,,,https://pages.razorpay.com/pl_JEyZeenAm5q6Tr/view
382,DisasterRF,Male,Immediate,Annually,4000,Suburban,,,https://pages.razorpay.com/pl_JEyqyBpmdZhUYF/view
383,Women,Female,Oneweek,Monthly,6000,Urban,,,https://pages.razorpay.com/pl_JEyfQ2Cf4Osmtx/view
384,Women,Female,Twoweeks,Annually,7000,Urban,,,https://pages.razorpay.com/pl_JEyfQ2Cf4Osmtx/view
385,OldAge,Male,Twoweeks,Annually,12000,Urban,,,https://pages.razorpay.com/pl_JEyiy5weJ3j6cg/view
386,FoodForNeed,Female,Oneweek,Monthly,19000,Rural,,,https://pages.razorpay.com/pl_JEyoV3HcvMWBIE/view
387,Education,Male,Oneweek,Quarterly,4000,Urban,,,https://pages.razorpay.com/pl_JEyZeenAm5q6Tr/view
388,Medical,Male,Twoweeks,Quarterly,16000,Rural,,,https://pages.razorpay.com/pl_JEylbMyXJpHvAv/view
389,Medical,Male,Immediate,Annually,4000,Rural,,doctor1.jpg,https://pages.razorpay.com/pl_JEylbMyXJpHvAv/view
390,DisasterRF,Female,Immediate,Monthly,3000,Urban,,,https://pages.razorpay.com/pl_JEyqyBpmdZhUYF/view
391,DisasterRF,Female,Twoweeks,Annually,6000,Urban,,,https://pages.razorpay.com/pl_JEyqyBpmdZhUYF/view
392,Education,Female,Oneweek,Monthly,5000,Rural,,,https://pages.razorpay.com/pl_JEyZeenAm5q6Tr/view
393,DisasterRF,Female,Twoweeks,Annually,15000,Urban,,,https://pages.razorpay.com/pl_JEyqyBpmdZhUYF/view
394,Women,Female,Immediate,Monthly,6000,Suburban,,,https://pages.razorpay.com/pl_JEyfQ2Cf4Osmtx/view
395,Women,Male,Twoweeks,Quarterly,2000,Urban,,,https://pages.razorpay.com/pl_JEyfQ2Cf4Osmtx/view
396,OldAge,Male,Twoweeks,Monthly,14000,Suburban,,,https://pages.razorpay.com/pl_JEyiy5weJ3j6cg/view
397,FoodForNeed,Male,Oneweek,Quarterly,14000,Suburban,,,https://pages.razorpay.com/pl_JEyoV3HcvMWBIE/view
398,Medical,Female,Twoweeks,Quarterly,18000,Urban,,doctor1.jpg,https://pages.razorpay.com/pl_JEylbMyXJpHvAv/view
399,Medical,Male,Twoweeks,Quarterly,12000,Suburban,,doctor2.jpg,https://pages.razorpay.com/pl_JEylbMyXJpHvAv/view
400,DisasterRF,Male,Immediate,Annually,3000,Urban,,,https://pages.razorpay.com/pl_JEyqyBpmdZhUYF/view
401,DisasterRF,Female,Immediate,Monthly,15000,Urban,,,https://pages.razorpay.com/pl_JEyqyBpmdZhUYF/view
402,Education,Male,Twoweeks,Quarterly,7000,Urban,,,https://pages.razorpay.com/pl_JEyZeenAm5q6Tr/view
403,DisasterRF,Male,Oneweek,Annually,15000,Rural,,,https://pages.razorpay.com/pl_JEyqyBpmdZhUYF/view
404,Women,Female,Immediate,Monthly,5000,Urban,,,https://pages.razorpay.com/pl_JEyfQ2Cf4Osmtx/view
405,Women,Male,Immediate,Quarterly,11000,Suburban,,,https://pages.razorpay.com/pl_JEyfQ2Cf4Osmtx/view
406,OldAge,Male,Immediate,Annually,18000,Suburban,,,https://pages.razorpay.com/pl_JEyiy5weJ3j6cg/view
407,FoodForNeed,Female,Twoweeks,Quarterly,10000,Urban,,,https://pages.razorpay.com/pl_JEyoV3HcvMWBIE/view
408,OldAge,Male,Immediate,Monthly,1000,Rural,,,https://pages.razorpay.com/pl_JEyiy5weJ3j6cg/view
409,FoodForNeed,Female,Oneweek,Annually,6000,Urban,,,https://pages.razorpay.com/pl_JEyoV3HcvMWBIE/view
410,Medical,Male,Twoweeks,Monthly,10000,Suburban,,doctor4.jpg,https://pages.razorpay.com/pl_JEylbMyXJpHvAv/view
411,Medical,Male,Twoweeks,Annually,13000,Rural,,doctor5.jpg,https://pages.razorpay.com/pl_JEylbMyXJpHvAv/view
412,DisasterRF,Female,Oneweek,Quarterly,12000,Urban,,,https://pages.razorpay.com/pl_JEyqyBpmdZhUYF/view
413,DisasterRF,Female,Immediate,Annually,4000,Rural,,,https://pages.razorpay.com/pl_JEyqyBpmdZhUYF/view
414,Education,Male,Immediate,Annually,8000,Rural,,,https://pages.razorpay.com/pl_JEyZeenAm5q6Tr/view
415,DisasterRF,Male,Immediate,Quarterly,3000,Rural,,,https://pages.razorpay.com/pl_JEyqyBpmdZhUYF/view
416,Women,Female,Oneweek,Quarterly,2000,Suburban,,,https://pages.razorpay.com/pl_JEyfQ2Cf4Osmtx/view
417,Women,Female,Twoweeks,Monthly,2000,Suburban,,,https://pages.razorpay.com/pl_JEyfQ2Cf4Osmtx/view
418,OldAge,Female,Twoweeks,Quarterly,2000,Rural,,,https://pages.razorpay.com/pl_JEyiy5weJ3j6cg/view
419,FoodForNeed,Female,Immediate,Monthly,10000,Urban,,,https://pages.razorpay.com/pl_JEyoV3HcvMWBIE/view
420,Education,Female,Immediate,Monthly,4000,Rural,,,https://pages.razorpay.com/pl_JEyZeenAm5q6Tr/view
421,Medical,Male,Oneweek,Quarterly,9000,Suburban,,doctor4.jpg,https://pages.razorpay.com/pl_JEylbMyXJpHvAv/view
422,Medical,Male,Twoweeks,Monthly,20000,Urban,,doctor5.jpg,https://pages.razorpay.com/pl_JEylbMyXJpHvAv/view
423,DisasterRF,Male,Immediate,Monthly,16000,Urban,,,https://pages.razorpay.com/pl_JEyqyBpmdZhUYF/view
424,DisasterRF,Female,Immediate,Annually,14000,Rural,,,https://pages.razorpay.com/pl_JEyqyBpmdZhUYF/view
425,Education,Male,Immediate,Annually,5000,Rural,,,https://pages.razorpay.com/pl_JEyZeenAm5q6Tr/view
426,DisasterRF,Male,Oneweek,Monthly,11000,Rural,,,https://pages.razorpay.com/pl_JEyqyBpmdZhUYF/view
427,Women,Female,Immediate,Quarterly,7000,Suburban,,,https://pages.razorpay.com/pl_JEyfQ2Cf4Osmtx/view
428,Women,Male,Immediate,Monthly,1000,Urban,,,https://pages.razorpay.com/pl_JEyfQ2Cf4Osmtx/view
429,OldAge,Male,Immediate,Monthly,17000,Rural,,,https://pages.razorpay.com/pl_JEyiy5weJ3j6cg/view
430,FoodForNeed,Female,Oneweek,Quarterly,3000,Suburban,,,https://pages.razorpay.com/pl_JEyoV3HcvMWBIE/view
431,OldAge,Female,Twoweeks,Monthly,5000,Rural,,,https://pages.razorpay.com/pl_JEyiy5weJ3j6cg/view
432,FoodForNeed,Male,Immediate,Annually,3000,Rural,,,https://pages.razorpay.com/pl_JEyoV3HcvMWBIE/view
433,Education,Male,Twoweeks,Monthly,5000,Suburban,,,https://pages.razorpay.com/pl_JEyZeenAm5q6Tr/view
434,Medical,Female,Immediate,Annually,3000,Urban,,doctor4.jpg,https://pages.razorpay.com/pl_JEylbMyXJpHvAv/view
435,Medical,Female,Oneweek,Annually,8000,Suburban,,doctor5.jpg,https://pages.razorpay.com/pl_JEylbMyXJpHvAv/view
436,DisasterRF,Male,Twoweeks,Monthly,4000,Rural,,,https://pages.razorpay.com/pl_JEyqyBpmdZhUYF/view
437,DisasterRF,Male,Immediate,Quarterly,1000,Urban,,,https://pages.razorpay.com/pl_JEyqyBpmdZhUYF/view
438,Education,Female,Immediate,Quarterly,18000,Suburban,,,https://pages.razorpay.com/pl_JEyZeenAm5q6Tr/view
439,DisasterRF,Female,Twoweeks,Monthly,2000,Urban,,,https://pages.razorpay.com/pl_JEyqyBpmdZhUYF/view
440,Women,Female,Twoweeks,Monthly,9000,Suburban,,,https://pages.razorpay.com/pl_JEyfQ2Cf4Osmtx/view
441,Women,Female,Oneweek,Annually,11000,Suburban,,,https://pages.razorpay.com/pl_JEyfQ2Cf4Osmtx/view
442,OldAge,Female,Immediate,Monthly,9000,Urban,,,https://pages.razorpay.com/pl_JEyiy5weJ3j6cg/view
443,FoodForNeed,Male,Twoweeks,Quarterly,12000,Urban,,,https://pages.razorpay.com/pl_JEyoV3HcvMWBIE/view
444,Education,Male,Immediate,Monthly,17000,Urban,,,https://pages.razorpay.com/pl_JEyZeenAm5q6Tr/view
445,Women,Male,Immediate,Quarterly,12000,Suburban,,,https://pages.razorpay.com/pl_JEyfQ2Cf4Osmtx/view
446,Women,Female,Oneweek,Monthly,7000,Suburban,,,https://pages.razorpay.com/pl_JEyfQ2Cf4Osmtx/view
447,DisasterRF,Male,Immediate,Annually,1000,Urban,,,https://pages.razorpay.com/pl_JEyqyBpmdZhUYF/view
448,DisasterRF,Male,Twoweeks,Annually,18000,Rural,,,https://pages.razorpay.com/pl_JEyqyBpmdZhUYF/view
449,Education,Female,Immediate,Monthly,19000,Rural,,,https://pages.razorpay.com/pl_JEyZeenAm5q6Tr/view
450,DisasterRF,Female,Twoweeks,Quarterly,11000,Rural,,,https://pages.razorpay.com/pl_JEyqyBpmdZhUYF/view
451,Women,Male,Twoweeks,Annually,6000,Rural,,,https://pages.razorpay.com/pl_JEyfQ2Cf4Osmtx/view
452,Women,Female,Oneweek,Monthly,8000,Urban,,,https://pages.razorpay.com/pl_JEyfQ2Cf4Osmtx/view
453,OldAge,Male,Twoweeks,Quarterly,7000,Suburban,,,https://pages.razorpay.com/pl_JEyiy5weJ3j6cg/view
454,FoodForNeed,Male,Twoweeks,Annually,5000,Urban,,,https://pages.razorpay.com/pl_JEyoV3HcvMWBIE/view
455,OldAge,Male,Immediate,Monthly,19000,Urban,,,https://pages.razorpay.com/pl_JEyiy5weJ3j6cg/view
456,FoodForNeed,Female,Twoweeks,Quarterly,3000,Rural,,,https://pages.razorpay.com/pl_JEyoV3HcvMWBIE/view
457,Medical,Female,Immediate,Annually,8000,Suburban,,doctor2.jpg,https://pages.razorpay.com/pl_JEylbMyXJpHvAv/view
458,Medical,Female,Oneweek,Monthly,19000,Urban,,doctor1.jpg,https://pages.razorpay.com/pl_JEylbMyXJpHvAv/view
459,DisasterRF,Female,Immediate,Annually,15000,Suburban,,,https://pages.razorpay.com/pl_JEyqyBpmdZhUYF/view
460,DisasterRF,Female,Immediate,Quarterly,3000,Rural,,,https://pages.razorpay.com/pl_JEyqyBpmdZhUYF/view
461,Education,Male,Immediate,Monthly,20000,Urban,,,https://pages.razorpay.com/pl_JEyZeenAm5q6Tr/view
462,DisasterRF,Male,Immediate,Quarterly,20000,Suburban,,,https://pages.razorpay.com/pl_JEyqyBpmdZhUYF/view
463,Women,Male,Oneweek,Monthly,10000,Urban,,,https://pages.razorpay.com/pl_JEyfQ2Cf4Osmtx/view
464,Women,Female,Immediate,Quarterly,13000,Urban,,,https://pages.razorpay.com/pl_JEyfQ2Cf4Osmtx/view
465,OldAge,Male,Immediate,Annually,9000,Rural,,,https://pages.razorpay.com/pl_JEyiy5weJ3j6cg/view
466,FoodForNeed,Male,Twoweeks,Monthly,6000,Rural,,,https://pages.razorpay.com/pl_JEyoV3HcvMWBIE/view
467,Education,Female,Immediate,Annually,13000,Rural,,,https://pages.razorpay.com/pl_JEyZeenAm5q6Tr/view
468,Women,Female,Oneweek,Monthly,16000,Urban,,,https://pages.razorpay.com/pl_JEyfQ2Cf4Osmtx/view
469,Women,Male,Twoweeks,Quarterly,1000,Rural,,,https://pages.razorpay.com/pl_JEyfQ2Cf4Osmtx/view
470,OldAge,Female,Twoweeks,Annually,6000,Urban,,,https://pages.razorpay.com/pl_JEyiy5weJ3j6cg/view
471,FoodForNeed,Male,Immediate,Annually,19000,Rural,,,https://pages.razorpay.com/pl_JEyoV3HcvMWBIE/view
472,Education,Male,Twoweeks,Monthly,7000,Rural,,,https://pages.razorpay.com/pl_JEyZeenAm5q6Tr/view
473,Medical,Female,Oneweek,Quarterly,14000,Urban,,doctor4.jpg,https://pages.razorpay.com/pl_JEylbMyXJpHvAv/view
474,Medical,Female,Immediate,Annually,1000,Rural,,doctor5.jpg,https://pages.razorpay.com/pl_JEylbMyXJpHvAv/view
475,DisasterRF,Male,Immediate,Monthly,1000,Rural,,,https://pages.razorpay.com/pl_JEyqyBpmdZhUYF/view
476,DisasterRF,Male,Immediate,Quarterly,9000,Urban,,,https://pages.razorpay.com/pl_JEyqyBpmdZhUYF/view
477,Education,Female,Twoweeks,Quarterly,18000,Rural,,,https://pages.razorpay.com/pl_JEyZeenAm5q6Tr/view
478,DisasterRF,Female,Oneweek,Quarterly,14000,Urban,,,https://pages.razorpay.com/pl_JEyqyBpmdZhUYF/view
479,Women,Female,Immediate,Annually,14000,Suburban,,,https://pages.razorpay.com/pl_JEyfQ2Cf4Osmtx/view
480,Women,Female,Immediate,Quarterly,10000,Rural,,,https://pages.razorpay.com/pl_JEyfQ2Cf4Osmtx/view
481,OldAge,Female,Twoweeks,Annually,15000,Rural,,,https://pages.razorpay.com/pl_JEyiy5weJ3j6cg/view
482,Education,Male,Immediate,Monthly,8000,Rural,,,https://pages.razorpay.com/pl_JEyZeenAm5q6Tr/view
483,Women,Male,Immediate,Annually,3000,Rural,,,https://pages.razorpay.com/pl_JEyfQ2Cf4Osmtx/view
484,Women,Male,Immediate,Quarterly,6000,Urban,,,https://pages.razorpay.com/pl_JEyfQ2Cf4Osmtx/view
485,Medical,Female,Immediate,Monthly,8000,Suburban,,,https://pages.razorpay.com/pl_JEylbMyXJpHvAv/view
486,DisasterRF,Male,Immediate,Quarterly,15000,Suburban,,,https://pages.razorpay.com/pl_JEyqyBpmdZhUYF/view
487,DisasterRF,Male,Oneweek,Quarterly,3000,Suburban,,,https://pages.razorpay.com/pl_JEyqyBpmdZhUYF/view
488,Education,Female,Twoweeks,Quarterly,14000,Rural,,,https://pages.razorpay.com/pl_JEyZeenAm5q6Tr/view
489,DisasterRF,Female,Immediate,Annually,17000,Urban,,,https://pages.razorpay.com/pl_JEyqyBpmdZhUYF/view
490,Women,Male,Twoweeks,Quarterly,17000,Rural,,,https://pages.razorpay.com/pl_JEyfQ2Cf4Osmtx/view
491,Women,Male,Oneweek,Annually,18000,Suburban,,,https://pages.razorpay.com/pl_JEyfQ2Cf4Osmtx/view
492,OldAge,Female,Twoweeks,Monthly,1000,Suburban,,,https://pages.razorpay.com/pl_JEyiy5weJ3j6cg/view
493,FoodForNeed,Female,Immediate,Annually,7000,Suburban,,,https://pages.razorpay.com/pl_JEyoV3HcvMWBIE/view
494,OldAge,Male,Immediate,Quarterly,9000,Rural,,,https://pages.razorpay.com/pl_JEyiy5weJ3j6cg/view
495,FoodForNeed,Male,Oneweek,Quarterly,10000,Suburban,,,https://pages.razorpay.com/pl_JEyoV3HcvMWBIE/view
496,OldAge,Female,Twoweeks,Quarterly,11000,Urban,,,https://pages.razorpay.com/pl_JEyiy5weJ3j6cg/view
497,FoodForNeed,Female,Immediate,Quarterly,19000,Rural,,,https://pages.razorpay.com/pl_JEyoV3HcvMWBIE/view
498,Medical,Female,Immediate,Annually,5000,Suburban,,,https://pages.razorpay.com/pl_JEylbMyXJpHvAv/view
499,Medical,Female,Immediate,Monthly,13000,Suburban,,,https://pages.razorpay.com/pl_JEylbMyXJpHvAv/view
500,DisasterRF,Female,Oneweek,Annually,12000,Suburban,,,https://pages.razorpay.com/pl_JEyqyBpmdZhUYF/view
501,DisasterRF,Male,Immediate,Annually,18000,Urban,,,https://pages.razorpay.com/pl_JEyqyBpmdZhUYF/view
502,Education,Male,Immediate,Monthly,3000,Rural,,,https://pages.razorpay.com/pl_JEyZeenAm5q6Tr/view
503,DisasterRF,Male,Twoweeks,Quarterly,18000,Rural,,,https://pages.razorpay.com/pl_JEyqyBpmdZhUYF/view
504,Women,Female,Immediate,Annually,15000,Urban,,,https://pages.razorpay.com/pl_JEyfQ2Cf4Osmtx/view
505,Women,Male,Twoweeks,Quarterly,20000,Rural,,,https://pages.razorpay.com/pl_JEyfQ2Cf4Osmtx/view
506,OldAge,Male,Oneweek,Annually,9000,Suburban,,,https://pages.razorpay.com/pl_JEyiy5weJ3j6cg/view
507,FoodForNeed,Female,Immediate,Quarterly,2000,Rural,,,https://pages.razorpay.com/pl_JEyoV3HcvMWBIE/view
508,Education,Male,Twoweeks,Monthly,16000,Urban,,,https://pages.razorpay.com/pl_JEyZeenAm5q6Tr/view
509,Medical,Male,Oneweek,Annually,6000,Urban,,doctor4.jpg,https://pages.razorpay.com/pl_JEylbMyXJpHvAv/view
510,Medical,Female,Twoweeks,Monthly,10000,Urban,,doctor5.jpg,https://pages.razorpay.com/pl_JEylbMyXJpHvAv/view
511,DisasterRF,Male,Twoweeks,Annually,1000,Urban,,,https://pages.razorpay.com/pl_JEyqyBpmdZhUYF/view
512,DisasterRF,Female,Twoweeks,Monthly,1000,Suburban,,,https://pages.razorpay.com/pl_JEyqyBpmdZhUYF/view
513,Education,Female,Immediate,Annually,8000,Urban,,,https://pages.razorpay.com/pl_JEyZeenAm5q6Tr/view
514,DisasterRF,Male,Twoweeks,Monthly,1000,Suburban,,,https://pages.razorpay.com/pl_JEyqyBpmdZhUYF/view
515,Women,Female,Immediate,Quarterly,4000,Rural,,,https://pages.razorpay.com/pl_JEyfQ2Cf4Osmtx/view
516,Women,Male,Immediate,Annually,15000,Urban,,,https://pages.razorpay.com/pl_JEyfQ2Cf4Osmtx/view
517,OldAge,Male,Twoweeks,Monthly,17000,Suburban,,,https://pages.razorpay.com/pl_JEyiy5weJ3j6cg/view
518,FoodForNeed,Male,Oneweek,Quarterly,14000,Rural,,,https://pages.razorpay.com/pl_JEyoV3HcvMWBIE/view
519,OldAge,Female,Twoweeks,Monthly,17000,Rural,,,https://pages.razorpay.com/pl_JEyiy5weJ3j6cg/view
520,FoodForNeed,Female,Immediate,Annually,10000,Suburban,,,https://pages.razorpay.com/pl_JEyoV3HcvMWBIE/view
521,Medical,Female,Twoweeks,Annually,2000,Suburban,,doctor4.jpg,https://pages.razorpay.com/pl_JEylbMyXJpHvAv/view
522,Medical,Female,Twoweeks,Monthly,4000,Suburban,,doctor5.jpg,https://pages.razorpay.com/pl_JEylbMyXJpHvAv/view
523,DisasterRF,Female,Oneweek,Quarterly,6000,Suburban,,,https://pages.razorpay.com/pl_JEyqyBpmdZhUYF/view
524,DisasterRF,Male,Immediate,Quarterly,16000,Suburban,,,https://pages.razorpay.com/pl_JEyqyBpmdZhUYF/view
525,Education,Male,Immediate,Annually,20000,Suburban,,,https://pages.razorpay.com/pl_JEyZeenAm5q6Tr/view
526,DisasterRF,Male,Immediate,Annually,15000,Rural,,,https://pages.razorpay.com/pl_JEyqyBpmdZhUYF/view
527,Women,Female,Oneweek,Annually,15000,Suburban,,,https://pages.razorpay.com/pl_JEyfQ2Cf4Osmtx/view
528,Women,Male,Immediate,Monthly,18000,Urban,,,https://pages.razorpay.com/pl_JEyfQ2Cf4Osmtx/view
529,OldAge,Male,Immediate,Monthly,3000,Urban,,,https://pages.razorpay.com/pl_JEyiy5weJ3j6cg/view
530,FoodForNeed,Female,Immediate,Monthly,1000,Suburban,,,https://pages.razorpay.com/pl_JEyoV3HcvMWBIE/view
531,OldAge,Male,Oneweek,Monthly,8000,Urban,,,https://pages.razorpay.com/pl_JEyiy5weJ3j6cg/view
532,FoodForNeed,Male,Twoweeks,Monthly,4000,Suburban,,,https://pages.razorpay.com/pl_JEyoV3HcvMWBIE/view
533,Medical,Female,Twoweeks,Quarterly,10000,Urban,,doctor1.jpg,https://pages.razorpay.com/pl_JEylbMyXJpHvAv/view
534,Medical,Female,Immediate,Monthly,20000,Rural,,doctor2.jpg,https://pages.razorpay.com/pl_JEylbMyXJpHvAv/view
535,DisasterRF,Male,Twoweeks,Annually,10000,Rural,,,https://pages.razorpay.com/pl_JEyqyBpmdZhUYF/view
536,DisasterRF,Male,Immediate,Monthly,16000,Rural,,,https://pages.razorpay.com/pl_JEyqyBpmdZhUYF/view
537,Education,Female,Oneweek,Quarterly,16000,Rural,,,https://pages.razorpay.com/pl_JEyZeenAm5q6Tr/view
538,DisasterRF,Female,Immediate,Monthly,4000,Urban,,,https://pages.razorpay.com/pl_JEyqyBpmdZhUYF/view
539,Women,Female,Immediate,Annually,15000,Urban,,,https://pages.razorpay.com/pl_JEyfQ2Cf4Osmtx/view
540,Women,Female,Twoweeks,Monthly,18000,Urban,,,https://pages.razorpay.com/pl_JEyfQ2Cf4Osmtx/view
541,OldAge,Female,Oneweek,Annually,11000,Suburban,,,https://pages.razorpay.com/pl_JEyiy5weJ3j6cg/view
542,FoodForNeed,Male,Twoweeks,Annually,5000,Rural,,,https://pages.razorpay.com/pl_JEyoV3HcvMWBIE/view
543,Education,Female,Immediate,Quarterly,9000,Rural,,,https://pages.razorpay.com/pl_JEyZeenAm5q6Tr/view
544,Women,Male,Immediate,Monthly,16000,Rural,,,https://pages.razorpay.com/pl_JEyfQ2Cf4Osmtx/view
545,Women,Male,Immediate,Annually,4000,Urban,,,https://pages.razorpay.com/pl_JEyfQ2Cf4Osmtx/view
546,DisasterRF,Male,Oneweek,Quarterly,2000,Rural,,,https://pages.razorpay.com/pl_JEyqyBpmdZhUYF/view
547,DisasterRF,Female,Twoweeks,Monthly,6000,Rural,,,https://pages.razorpay.com/pl_JEyqyBpmdZhUYF/view
548,Education,Female,Immediate,Annually,20000,Rural,,,https://pages.razorpay.com/pl_JEyZeenAm5q6Tr/view
549,DisasterRF,Female,Twoweeks,Quarterly,20000,Rural,,,https://pages.razorpay.com/pl_JEyqyBpmdZhUYF/view
550,Women,Female,Immediate,Annually,18000,Suburban,,,https://pages.razorpay.com/pl_JEyfQ2Cf4Osmtx/view
551,Women,Female,Oneweek,Annually,4000,Rural,,,https://pages.razorpay.com/pl_JEyfQ2Cf4Osmtx/view
552,OldAge,Male,Immediate,Monthly,13000,Suburban,,,https://pages.razorpay.com/pl_JEyiy5weJ3j6cg/view
553,FoodForNeed,Male,Immediate,Annually,20000,Urban,,,https://pages.razorpay.com/pl_JEyoV3HcvMWBIE/view
554,OldAge,Male,Twoweeks,Quarterly,19000,Rural,,,https://pages.razorpay.com/pl_JEyiy5weJ3j6cg/view
555,FoodForNeed,Female,Twoweeks,Annually,1000,Suburban,,,https://pages.razorpay.com/pl_JEyoV3HcvMWBIE/view
556,OldAge,Female,Immediate,Monthly,6000,Suburban,,,https://pages.razorpay.com/pl_JEyiy5weJ3j6cg/view
557,FoodForNeed,Male,Oneweek,Annually,10000,Urban,,,https://pages.razorpay.com/pl_JEyoV3HcvMWBIE/view
558,Education,Male,Immediate,Quarterly,2000,Urban,,,https://pages.razorpay.com/pl_JEyZeenAm5q6Tr/view
559,OldAge,Female,Twoweeks,Annually,20000,Suburban,,,https://pages.razorpay.com/pl_JEyiy5weJ3j6cg/view
560,FoodForNeed,Female,Twoweeks,Annually,10000,Suburban,,,https://pages.razorpay.com/pl_JEyoV3HcvMWBIE/view
561,Medical,Male,Immediate,Monthly,1000,Suburban,,doctor4.jpg,https://pages.razorpay.com/pl_JEylbMyXJpHvAv/view
562,Medical,Female,Oneweek,Annually,2000,Urban,,doctor5.jpg,https://pages.razorpay.com/pl_JEylbMyXJpHvAv/view
563,DisasterRF,Male,Twoweeks,Quarterly,15000,Rural,,,https://pages.razorpay.com/pl_JEyqyBpmdZhUYF/view
564,DisasterRF,Male,Twoweeks,Annually,19000,Urban,,,https://pages.razorpay.com/pl_JEyqyBpmdZhUYF/view
565,Education,Male,Immediate,Quarterly,12000,Suburban,,,https://pages.razorpay.com/pl_JEyZeenAm5q6Tr/view
566,DisasterRF,Female,Immediate,Annually,15000,Rural,,,https://pages.razorpay.com/pl_JEyqyBpmdZhUYF/view
567,Women,Female,Oneweek,Monthly,2000,Suburban,,,https://pages.razorpay.com/pl_JEyfQ2Cf4Osmtx/view
568,Women,Female,Immediate,Annually,19000,Suburban,,,https://pages.razorpay.com/pl_JEyfQ2Cf4Osmtx/view
569,OldAge,Female,Twoweeks,Quarterly,9000,Rural,,,https://pages.razorpay.com/pl_JEyiy5weJ3j6cg/view
570,FoodForNeed,Female,Twoweeks,Annually,13000,Rural,,,https://pages.razorpay.com/pl_JEyoV3HcvMWBIE/view
571,OldAge,Male,Twoweeks,Quarterly,20000,Urban,,,https://pages.razorpay.com/pl_JEyiy5weJ3j6cg/view
572,FoodForNeed,Male,Oneweek,Annually,2000,Suburban,,,https://pages.razorpay.com/pl_JEyoV3HcvMWBIE/view
573,Medical,Male,Immediate,Annually,7000,Suburban,,doctor1.jpg,https://pages.razorpay.com/pl_JEylbMyXJpHvAv/view
574,Medical,Female,Immediate,Quarterly,10000,Suburban,,doctor2.jpg,https://pages.razorpay.com/pl_JEylbMyXJpHvAv/view
575,DisasterRF,Female,Twoweeks,Annually,13000,Rural,,,https://pages.razorpay.com/pl_JEyqyBpmdZhUYF/view
576,DisasterRF,Male,Oneweek,Annually,18000,Urban,,,https://pages.razorpay.com/pl_JEyqyBpmdZhUYF/view
577,Education,Female,Oneweek,Quarterly,15000,Urban,,,https://pages.razorpay.com/pl_JEyZeenAm5q6Tr/view
578,DisasterRF,Female,Oneweek,Quarterly,10000,Rural,,,https://pages.razorpay.com/pl_JEyqyBpmdZhUYF/view
579,Women,Male,Oneweek,Annually,16000,Urban,,,https://pages.razorpay.com/pl_JEyfQ2Cf4Osmtx/view
580,Women,Female,Twoweeks,Monthly,13000,Suburban,,,https://pages.razorpay.com/pl_JEyfQ2Cf4Osmtx/view
581,OldAge,Female,Immediate,Quarterly,10000,Urban,,,https://pages.razorpay.com/pl_JEyiy5weJ3j6cg/view
582,FoodForNeed,Male,Oneweek,Annually,1000,Rural,,,https://pages.razorpay.com/pl_JEyoV3HcvMWBIE/view
583,Education,Male,Twoweeks,Monthly,13000,Urban,,,https://pages.razorpay.com/pl_JEyZeenAm5q6Tr/view
584,OldAge,Female,Twoweeks,Monthly,17000,Suburban,,,https://pages.razorpay.com/pl_JEyiy5weJ3j6cg/view
585,FoodForNeed,Female,Immediate,Monthly,15000,Suburban,,,https://pages.razorpay.com/pl_JEyoV3HcvMWBIE/view
586,OldAge,Female,Oneweek,Annually,2000,Rural,,,https://pages.razorpay.com/pl_JEyiy5weJ3j6cg/view
587,FoodForNeed,Female,Twoweeks,Quarterly,15000,Urban,,,https://pages.razorpay.com/pl_JEyoV3HcvMWBIE/view
588,Education,Female,Immediate,Quarterly,20000,Suburban,,,https://pages.razorpay.com/pl_JEyZeenAm5q6Tr/view
589,Medical,Male,Twoweeks,Annually,14000,Urban,,doctor2.jpg,https://pages.razorpay.com/pl_JEylbMyXJpHvAv/view
590,Medical,Male,Oneweek,Monthly,5000,Rural,,doctor1.jpg,https://pages.razorpay.com/pl_JEylbMyXJpHvAv/view
591,DisasterRF,Male,Immediate,Monthly,3000,Suburban,,,https://pages.razorpay.com/pl_JEyqyBpmdZhUYF/view
592,DisasterRF,Female,Twoweeks,Annually,7000,Suburban,,,https://pages.razorpay.com/pl_JEyqyBpmdZhUYF/view
593,Education,Male,Twoweeks,Quarterly,18000,Rural,,,https://pages.razorpay.com/pl_JEyZeenAm5q6Tr/view
594,DisasterRF,Female,Immediate,Annually,4000,Urban,,,https://pages.razorpay.com/pl_JEyqyBpmdZhUYF/view
595,Women,Female,Oneweek,Monthly,15000,Suburban,,,https://pages.razorpay.com/pl_JEyfQ2Cf4Osmtx/view
596,Women,Male,Immediate,Quarterly,17000,Urban,,,https://pages.razorpay.com/pl_JEyfQ2Cf4Osmtx/view
597,OldAge,Female,Immediate,Quarterly,5000,Rural,,,https://pages.razorpay.com/pl_JEyiy5weJ3j6cg/view
598,FoodForNeed,Female,Immediate,Quarterly,13000,Rural,,,https://pages.razorpay.com/pl_JEyoV3HcvMWBIE/view
599,FoodForNeed,Male,Oneweek,Monthly,7000,Rural,,,https://pages.razorpay.com/pl_JEyoV3HcvMWBIE/view
600,FoodForNeed,Male,Immediate,Monthly,4000,Urban,,,https://pages.razorpay.com/pl_JEyoV3HcvMWBIE/view